state,state_code,year,death_cause,deaths,population,crude_rate,state_abb,law_strength,grade_2017
Alabama,1,1999,Firearm,790,4430141,17.8,AL,36,F
Alabama,1,2e3,Firearm,766,4447100,17.2,AL,36,F
Alabama,1,2001,Firearm,737,4467634,16.5,AL,36,F
Alabama,1,2002,Firearm,724,4480089,16.2,AL,36,F
Alabama,1,2003,Firearm,765,4503491,17,AL,36,F
Alabama,1,2004,Firearm,679,4530729,15,AL,36,F
Alabama,1,2005,Firearm,736,4569805,16.1,AL,36,F
Alabama,1,2006,Firearm,780,4628981,16.9,AL,36,F
Alabama,1,2007,Firearm,812,4672840,17.4,AL,36,F
Alabama,1,2008,Firearm,820,4718206,17.4,AL,36,F
Alabama,1,2009,Firearm,830,4757938,17.4,AL,36,F
Alabama,1,2010,Firearm,782,4779736,16.4,AL,36,F
Alabama,1,2011,Firearm,785,4802740,16.3,AL,36,F
Alabama,1,2012,Firearm,831,4822023,17.2,AL,36,F
Alabama,1,2013,Firearm,860,4833722,17.8,AL,36,F
Alabama,1,2014,Firearm,815,4849377,16.8,AL,36,F
Alabama,1,2015,Firearm,958,4858979,19.7,AL,36,F
Alabama,1,2016,Firearm,1046,4863300,21.5,AL,36,F
Alaska,2,1999,Firearm,88,624779,14.1,AK,44,F
Alaska,2,2e3,Firearm,116,626932,18.5,AK,44,F
Alaska,2,2001,Firearm,95,633714,15,AK,44,F
Alaska,2,2002,Firearm,127,642337,19.8,AK,44,F
Alaska,2,2003,Firearm,120,648414,18.5,AK,44,F
Alaska,2,2004,Firearm,117,659286,17.7,AK,44,F
Alaska,2,2005,Firearm,116,666946,17.4,AK,44,F
Alaska,2,2006,Firearm,111,675302,16.4,AK,44,F
Alaska,2,2007,Firearm,120,680300,17.6,AK,44,F
Alaska,2,2008,Firearm,142,687455,20.7,AK,44,F
Alaska,2,2009,Firearm,104,698895,14.9,AK,44,F
Alaska,2,2010,Firearm,144,710231,20.3,AK,44,F
Alaska,2,2011,Firearm,126,722718,17.4,AK,44,F
Alaska,2,2012,Firearm,132,731449,18,AK,44,F
Alaska,2,2013,Firearm,144,735132,19.6,AK,44,F
Alaska,2,2014,Firearm,145,736732,19.7,AK,44,F
Alaska,2,2015,Firearm,177,738432,24,AK,44,F
Alaska,2,2016,Firearm,177,741894,23.9,AK,44,F
Arizona,4,1999,Firearm,822,5023823,16.4,AZ,47,F
Arizona,4,2e3,Firearm,796,5130632,15.5,AZ,47,F
Arizona,4,2001,Firearm,842,5273477,16,AZ,47,F
Arizona,4,2002,Firearm,968,5396255,17.9,AZ,47,F
Arizona,4,2003,Firearm,849,5510364,15.4,AZ,47,F
Arizona,4,2004,Firearm,897,5652404,15.9,AZ,47,F
Arizona,4,2005,Firearm,934,5839077,16,AZ,47,F
Arizona,4,2006,Firearm,982,6029141,16.3,AZ,47,F
Arizona,4,2007,Firearm,951,6167681,15.4,AZ,47,F
Arizona,4,2008,Firearm,907,6280362,14.4,AZ,47,F
Arizona,4,2009,Firearm,856,6343154,13.5,AZ,47,F
Arizona,4,2010,Firearm,931,6392017,14.6,AZ,47,F
Arizona,4,2011,Firearm,964,6482505,14.9,AZ,47,F
Arizona,4,2012,Firearm,946,6553255,14.4,AZ,47,F
Arizona,4,2013,Firearm,941,6626624,14.2,AZ,47,F
Arizona,4,2014,Firearm,927,6731484,13.8,AZ,47,F
Arizona,4,2015,Firearm,970,6828065,14.2,AZ,47,F
Arizona,4,2016,Firearm,1094,6931071,15.8,AZ,47,F
Arkansas,5,1999,Firearm,388,2651860,14.6,AR,39,F
Arkansas,5,2e3,Firearm,416,2673400,15.6,AR,39,F
Arkansas,5,2001,Firearm,412,2691571,15.3,AR,39,F
Arkansas,5,2002,Firearm,441,2705927,16.3,AR,39,F
Arkansas,5,2003,Firearm,413,2724816,15.2,AR,39,F
Arkansas,5,2004,Firearm,406,2749686,14.8,AR,39,F
Arkansas,5,2005,Firearm,439,2781097,15.8,AR,39,F
Arkansas,5,2006,Firearm,426,2821761,15.1,AR,39,F
Arkansas,5,2007,Firearm,426,2848650,15,AR,39,F
Arkansas,5,2008,Firearm,444,2874554,15.4,AR,39,F
Arkansas,5,2009,Firearm,465,2896843,16.1,AR,39,F
Arkansas,5,2010,Firearm,419,2915918,14.4,AR,39,F
Arkansas,5,2011,Firearm,462,2937979,15.7,AR,39,F
Arkansas,5,2012,Firearm,490,2949131,16.6,AR,39,F
Arkansas,5,2013,Firearm,501,2959373,16.9,AR,39,F
Arkansas,5,2014,Firearm,496,2966369,16.7,AR,39,F
Arkansas,5,2015,Firearm,520,2978204,17.5,AR,39,F
Arkansas,5,2016,Firearm,541,2988248,18.1,AR,39,F
California,6,1999,Firearm,3054,33499204,9.1,CA,1,A
California,6,2e3,Firearm,3108,33871648,9.2,CA,1,A
California,6,2001,Firearm,3200,34479458,9.3,CA,1,A
California,6,2002,Firearm,3410,34871843,9.8,CA,1,A
California,6,2003,Firearm,3468,35253159,9.8,CA,1,A
California,6,2004,Firearm,3316,35574576,9.3,CA,1,A
California,6,2005,Firearm,3453,35827943,9.6,CA,1,A
California,6,2006,Firearm,3363,36021202,9.3,CA,1,A
California,6,2007,Firearm,3268,36250311,9,CA,1,A
California,6,2008,Firearm,3171,36604337,8.7,CA,1,A
California,6,2009,Firearm,3094,36961229,8.4,CA,1,A
California,6,2010,Firearm,2935,37253956,7.9,CA,1,A
California,6,2011,Firearm,3004,37691912,8,CA,1,A
California,6,2012,Firearm,3068,38041430,8.1,CA,1,A
California,6,2013,Firearm,3026,38332521,7.9,CA,1,A
California,6,2014,Firearm,2942,38802500,7.6,CA,1,A
California,6,2015,Firearm,3095,39144818,7.9,CA,1,A
California,6,2016,Firearm,3184,39250017,8.1,CA,1,A
Colorado,8,1999,Firearm,452,4226018,10.7,CO,15,C
Colorado,8,2e3,Firearm,443,4301261,10.3,CO,15,C
Colorado,8,2001,Firearm,510,4425687,11.5,CO,15,C
Colorado,8,2002,Firearm,517,4490406,11.5,CO,15,C
Colorado,8,2003,Firearm,501,4528732,11.1,CO,15,C
Colorado,8,2004,Firearm,553,4575013,12.1,CO,15,C
Colorado,8,2005,Firearm,535,4631888,11.6,CO,15,C
Colorado,8,2006,Firearm,497,4720423,10.5,CO,15,C
Colorado,8,2007,Firearm,505,4803868,10.5,CO,15,C
Colorado,8,2008,Firearm,513,4889730,10.5,CO,15,C
Colorado,8,2009,Firearm,583,4972195,11.7,CO,15,C
Colorado,8,2010,Firearm,555,5029196,11,CO,15,C
Colorado,8,2011,Firearm,573,5116796,11.2,CO,15,C
Colorado,8,2012,Firearm,672,5187582,13,CO,15,C
Colorado,8,2013,Firearm,619,5268367,11.7,CO,15,C
Colorado,8,2014,Firearm,663,5355866,12.4,CO,15,C
Colorado,8,2015,Firearm,701,5456574,12.8,CO,15,C
Colorado,8,2016,Firearm,812,5540545,14.7,CO,15,C
Connecticut,9,1999,Firearm,199,3386401,5.9,CT,3,A
Connecticut,9,2e3,Firearm,179,3405565,5.3,CT,3,A
Connecticut,9,2001,Firearm,191,3432835,5.6,CT,3,A
Connecticut,9,2002,Firearm,147,3458749,4.3,CT,3,A
Connecticut,9,2003,Firearm,153,3484336,4.4,CT,3,A
Connecticut,9,2004,Firearm,173,3496094,4.9,CT,3,A
Connecticut,9,2005,Firearm,187,3506956,5.3,CT,3,A
Connecticut,9,2006,Firearm,173,3517460,4.9,CT,3,A
Connecticut,9,2007,Firearm,149,3527270,4.2,CT,3,A
Connecticut,9,2008,Firearm,200,3545579,5.6,CT,3,A
Connecticut,9,2009,Firearm,173,3561807,4.9,CT,3,A
Connecticut,9,2010,Firearm,209,3574097,5.8,CT,3,A
Connecticut,9,2011,Firearm,210,3580709,5.9,CT,3,A
Connecticut,9,2012,Firearm,227,3590347,6.3,CT,3,A
Connecticut,9,2013,Firearm,161,3596080,4.5,CT,3,A
Connecticut,9,2014,Firearm,187,3596677,5.2,CT,3,A
Connecticut,9,2015,Firearm,189,3590886,5.3,CT,3,A
Connecticut,9,2016,Firearm,172,3576452,4.8,CT,3,A
Delaware,10,1999,Firearm,68,774990,8.8,DE,11,B
Delaware,10,2e3,Firearm,52,783600,6.6,DE,11,B
Delaware,10,2001,Firearm,76,795699,9.6,DE,11,B
Delaware,10,2002,Firearm,74,806169,9.2,DE,11,B
Delaware,10,2003,Firearm,65,818003,7.9,DE,11,B
Delaware,10,2004,Firearm,75,830803,9,DE,11,B
Delaware,10,2005,Firearm,75,845150,8.9,DE,11,B
Delaware,10,2006,Firearm,79,859268,9.2,DE,11,B
Delaware,10,2007,Firearm,79,871749,9.1,DE,11,B
Delaware,10,2008,Firearm,95,883874,10.7,DE,11,B
Delaware,10,2009,Firearm,76,891730,8.5,DE,11,B
Delaware,10,2010,Firearm,88,897934,9.8,DE,11,B
Delaware,10,2011,Firearm,77,907135,8.5,DE,11,B
Delaware,10,2012,Firearm,96,917092,10.5,DE,11,B
Delaware,10,2013,Firearm,100,925749,10.8,DE,11,B
Delaware,10,2014,Firearm,102,935614,10.9,DE,11,B
Delaware,10,2015,Firearm,112,945934,11.8,DE,11,B
Delaware,10,2016,Firearm,111,952065,11.7,DE,11,B
District of Columbia,11,1999,Firearm,163,570213,28.6,DC,NA,NA
District of Columbia,11,2e3,Firearm,149,572059,26,DC,NA,NA
District of Columbia,11,2001,Firearm,169,574504,29.4,DC,NA,NA
District of Columbia,11,2002,Firearm,195,573158,34,DC,NA,NA
District of Columbia,11,2003,Firearm,167,568502,29.4,DC,NA,NA
District of Columbia,11,2004,Firearm,143,567754,25.2,DC,NA,NA
District of Columbia,11,2005,Firearm,154,567136,27.2,DC,NA,NA
District of Columbia,11,2006,Firearm,134,570681,23.5,DC,NA,NA
District of Columbia,11,2007,Firearm,144,574404,25.1,DC,NA,NA
District of Columbia,11,2008,Firearm,137,580236,23.6,DC,NA,NA
District of Columbia,11,2009,Firearm,111,592228,18.7,DC,NA,NA
District of Columbia,11,2010,Firearm,99,601723,16.5,DC,NA,NA
District of Columbia,11,2011,Firearm,86,617996,13.9,DC,NA,NA
District of Columbia,11,2012,Firearm,68,632323,10.8,DC,NA,NA
District of Columbia,11,2013,Firearm,71,646449,11,DC,NA,NA
District of Columbia,11,2014,Firearm,86,658893,13.1,DC,NA,NA
District of Columbia,11,2015,Firearm,120,672228,17.9,DC,NA,NA
District of Columbia,11,2016,Firearm,107,681170,15.7,DC,NA,NA
Florida,12,1999,Firearm,1721,15759421,10.9,FL,26,F
Florida,12,2e3,Firearm,1692,15982378,10.6,FL,26,F
Florida,12,2001,Firearm,1816,16356966,11.1,FL,26,F
Florida,12,2002,Firearm,1886,16689370,11.3,FL,26,F
Florida,12,2003,Firearm,1940,17004085,11.4,FL,26,F
Florida,12,2004,Firearm,1890,17415318,10.9,FL,26,F
Florida,12,2005,Firearm,1838,17842038,10.3,FL,26,F
Florida,12,2006,Firearm,2083,18166990,11.5,FL,26,F
Florida,12,2007,Firearm,2272,18367842,12.4,FL,26,F
Florida,12,2008,Firearm,2334,18527305,12.6,FL,26,F
Florida,12,2009,Firearm,2324,18652644,12.5,FL,26,F
Florida,12,2010,Firearm,2268,18801310,12.1,FL,26,F
Florida,12,2011,Firearm,2378,19057542,12.5,FL,26,F
Florida,12,2012,Firearm,2473,19317568,12.8,FL,26,F
Florida,12,2013,Firearm,2442,19552860,12.5,FL,26,F
Florida,12,2014,Firearm,2410,19893297,12.1,FL,26,F
Florida,12,2015,Firearm,2559,20271272,12.6,FL,26,F
Florida,12,2016,Firearm,2704,20612439,13.1,FL,26,F
Georgia,13,1999,Firearm,1105,8045965,13.7,GA,32,F
Georgia,13,2e3,Firearm,1096,8186453,13.4,GA,32,F
Georgia,13,2001,Firearm,1124,8377038,13.4,GA,32,F
Georgia,13,2002,Firearm,1133,8508256,13.3,GA,32,F
Georgia,13,2003,Firearm,1173,8622793,13.6,GA,32,F
Georgia,13,2004,Firearm,1062,8769252,12.1,GA,32,F
Georgia,13,2005,Firearm,1064,8925922,11.9,GA,32,F
Georgia,13,2006,Firearm,1144,9155813,12.5,GA,32,F
Georgia,13,2007,Firearm,1244,9349988,13.3,GA,32,F
Georgia,13,2008,Firearm,1177,9504843,12.4,GA,32,F
Georgia,13,2009,Firearm,1247,9620846,13,GA,32,F
Georgia,13,2010,Firearm,1223,9687653,12.6,GA,32,F
Georgia,13,2011,Firearm,1232,9815210,12.6,GA,32,F
Georgia,13,2012,Firearm,1286,9919945,13,GA,32,F
Georgia,13,2013,Firearm,1262,9992167,12.6,GA,32,F
Georgia,13,2014,Firearm,1391,10097343,13.8,GA,32,F
Georgia,13,2015,Firearm,1448,10214860,14.2,GA,32,F
Georgia,13,2016,Firearm,1571,10310371,15.2,GA,32,F
Hawaii,15,1999,Firearm,42,1210300,3.5,HI,7,A
Hawaii,15,2e3,Firearm,52,1211537,4.3,HI,7,A
Hawaii,15,2001,Firearm,47,1225948,3.8,HI,7,A
Hawaii,15,2002,Firearm,36,1239613,2.9,HI,7,A
Hawaii,15,2003,Firearm,37,1251154,3,HI,7,A
Hawaii,15,2004,Firearm,41,1273569,3.2,HI,7,A
Hawaii,15,2005,Firearm,28,1292729,2.2,HI,7,A
Hawaii,15,2006,Firearm,33,1309731,2.5,HI,7,A
Hawaii,15,2007,Firearm,36,1315675,2.7,HI,7,A
Hawaii,15,2008,Firearm,41,1332213,3.1,HI,7,A
Hawaii,15,2009,Firearm,47,1346717,3.5,HI,7,A
Hawaii,15,2010,Firearm,45,1360301,3.3,HI,7,A
Hawaii,15,2011,Firearm,49,1374810,3.6,HI,7,A
Hawaii,15,2012,Firearm,51,1392313,3.7,HI,7,A
Hawaii,15,2013,Firearm,38,1404054,2.7,HI,7,A
Hawaii,15,2014,Firearm,40,1419561,2.8,HI,7,A
Hawaii,15,2015,Firearm,55,1431603,3.8,HI,7,A
Hawaii,15,2016,Firearm,66,1428557,4.6,HI,7,A
Idaho,16,1999,Firearm,151,1275674,11.8,ID,46,F
Idaho,16,2e3,Firearm,127,1293953,9.8,ID,46,F
Idaho,16,2001,Firearm,175,1319962,13.3,ID,46,F
Idaho,16,2002,Firearm,163,1340372,12.2,ID,46,F
Idaho,16,2003,Firearm,164,1363380,12,ID,46,F
Idaho,16,2004,Firearm,177,1391802,12.7,ID,46,F
Idaho,16,2005,Firearm,195,1428241,13.7,ID,46,F
Idaho,16,2006,Firearm,180,1468669,12.3,ID,46,F
Idaho,16,2007,Firearm,187,1505105,12.4,ID,46,F
Idaho,16,2008,Firearm,175,1534320,11.4,ID,46,F
Idaho,16,2009,Firearm,196,1554439,12.6,ID,46,F
Idaho,16,2010,Firearm,198,1567582,12.6,ID,46,F
Idaho,16,2011,Firearm,192,1584985,12.1,ID,46,F
Idaho,16,2012,Firearm,207,1595728,13,ID,46,F
Idaho,16,2013,Firearm,227,1612136,14.1,ID,46,F
Idaho,16,2014,Firearm,213,1634464,13,ID,46,F
Idaho,16,2015,Firearm,247,1654930,14.9,ID,46,F
Idaho,16,2016,Firearm,242,1683140,14.4,ID,46,F
Illinois,17,1999,Firearm,1209,12359020,9.8,IL,8,B
Illinois,17,2e3,Firearm,1130,12419293,9.1,IL,8,B
Illinois,17,2001,Firearm,1289,12488445,10.3,IL,8,B
Illinois,17,2002,Firearm,1231,12525556,9.8,IL,8,B
Illinois,17,2003,Firearm,1146,12556006,9.1,IL,8,B
Illinois,17,2004,Firearm,994,12589773,7.9,IL,8,B
Illinois,17,2005,Firearm,1019,12609903,8.1,IL,8,B
Illinois,17,2006,Firearm,1036,12643955,8.2,IL,8,B
Illinois,17,2007,Firearm,1032,12695866,8.1,IL,8,B
Illinois,17,2008,Firearm,1105,12747038,8.7,IL,8,B
Illinois,17,2009,Firearm,1058,12796778,8.3,IL,8,B
Illinois,17,2010,Firearm,1064,12830632,8.3,IL,8,B
Illinois,17,2011,Firearm,1114,12869257,8.7,IL,8,B
Illinois,17,2012,Firearm,1178,12875255,9.1,IL,8,B
Illinois,17,2013,Firearm,1117,12882135,8.7,IL,8,B
Illinois,17,2014,Firearm,1179,12880580,9.2,IL,8,B
Illinois,17,2015,Firearm,1220,12859995,9.5,IL,8,B
Illinois,17,2016,Firearm,1490,12801539,11.6,IL,8,B
Indiana,18,1999,Firearm,680,6044969,11.2,IN,23,D
Indiana,18,2e3,Firearm,666,6080485,11,IN,23,D
Indiana,18,2001,Firearm,729,6127760,11.9,IN,23,D
Indiana,18,2002,Firearm,723,6155967,11.7,IN,23,D
Indiana,18,2003,Firearm,696,6196638,11.2,IN,23,D
Indiana,18,2004,Firearm,639,6233007,10.3,IN,23,D
Indiana,18,2005,Firearm,705,6278616,11.2,IN,23,D
Indiana,18,2006,Firearm,742,6332669,11.7,IN,23,D
Indiana,18,2007,Firearm,670,6379599,10.5,IN,23,D
Indiana,18,2008,Firearm,723,6424806,11.3,IN,23,D
Indiana,18,2009,Firearm,735,6459325,11.4,IN,23,D
Indiana,18,2010,Firearm,709,6483802,10.9,IN,23,D
Indiana,18,2011,Firearm,638,6516922,9.8,IN,23,D
Indiana,18,2012,Firearm,800,6537334,12.2,IN,23,D
Indiana,18,2013,Firearm,857,6570902,13,IN,23,D
Indiana,18,2014,Firearm,818,6596855,12.4,IN,23,D
Indiana,18,2015,Firearm,846,6619680,12.8,IN,23,D
Indiana,18,2016,Firearm,997,6633053,15,IN,23,D
Iowa,19,1999,Firearm,202,2917634,6.9,IA,18,C
Iowa,19,2e3,Firearm,190,2926324,6.5,IA,18,C
Iowa,19,2001,Firearm,191,2931997,6.5,IA,18,C
Iowa,19,2002,Firearm,201,2934234,6.9,IA,18,C
Iowa,19,2003,Firearm,208,2941999,7.1,IA,18,C
Iowa,19,2004,Firearm,195,2953635,6.6,IA,18,C
Iowa,19,2005,Firearm,201,2964454,6.8,IA,18,C
Iowa,19,2006,Firearm,193,2982644,6.5,IA,18,C
Iowa,19,2007,Firearm,157,2999212,5.2,IA,18,C
Iowa,19,2008,Firearm,224,3016734,7.4,IA,18,C
Iowa,19,2009,Firearm,193,3032870,6.4,IA,18,C
Iowa,19,2010,Firearm,213,3046355,7,IA,18,C
Iowa,19,2011,Firearm,220,3062309,7.2,IA,18,C
Iowa,19,2012,Firearm,217,3074186,7.1,IA,18,C
Iowa,19,2013,Firearm,253,3090416,8.2,IA,18,C
Iowa,19,2014,Firearm,241,3107126,7.8,IA,18,C
Iowa,19,2015,Firearm,247,3123899,7.9,IA,18,C
Iowa,19,2016,Firearm,288,3134693,9.2,IA,18,C
Kansas,20,1999,Firearm,269,2678338,10,KS,48,F
Kansas,20,2e3,Firearm,299,2688418,11.1,KS,48,F
Kansas,20,2001,Firearm,267,2702162,9.9,KS,48,F
Kansas,20,2002,Firearm,268,2713535,9.9,KS,48,F
Kansas,20,2003,Firearm,304,2723004,11.2,KS,48,F
Kansas,20,2004,Firearm,294,2734373,10.8,KS,48,F
Kansas,20,2005,Firearm,257,2745299,9.4,KS,48,F
Kansas,20,2006,Firearm,299,2762931,10.8,KS,48,F
Kansas,20,2007,Firearm,292,2783785,10.5,KS,48,F
Kansas,20,2008,Firearm,277,2808076,9.9,KS,48,F
Kansas,20,2009,Firearm,303,2832704,10.7,KS,48,F
Kansas,20,2010,Firearm,300,2853118,10.5,KS,48,F
Kansas,20,2011,Firearm,329,2871238,11.5,KS,48,F
Kansas,20,2012,Firearm,377,2885905,13.1,KS,48,F
Kansas,20,2013,Firearm,331,2893957,11.4,KS,48,F
Kansas,20,2014,Firearm,329,2904021,11.3,KS,48,F
Kansas,20,2015,Firearm,330,2911641,11.3,KS,48,F
Kansas,20,2016,Firearm,383,2907289,13.2,KS,48,F
Kentucky,21,1999,Firearm,525,4018053,13.1,KY,42,F
Kentucky,21,2e3,Firearm,542,4041769,13.4,KY,42,F
Kentucky,21,2001,Firearm,524,4068132,12.9,KY,42,F
Kentucky,21,2002,Firearm,544,4089875,13.3,KY,42,F
Kentucky,21,2003,Firearm,560,4117170,13.6,KY,42,F
Kentucky,21,2004,Firearm,551,4146101,13.3,KY,42,F
Kentucky,21,2005,Firearm,548,4182742,13.1,KY,42,F
Kentucky,21,2006,Firearm,531,4219239,12.6,KY,42,F
Kentucky,21,2007,Firearm,612,4256672,14.4,KY,42,F
Kentucky,21,2008,Firearm,576,4289878,13.4,KY,42,F
Kentucky,21,2009,Firearm,560,4317074,13,KY,42,F
Kentucky,21,2010,Firearm,555,4339367,12.8,KY,42,F
Kentucky,21,2011,Firearm,617,4369356,14.1,KY,42,F
Kentucky,21,2012,Firearm,655,4380415,15,KY,42,F
Kentucky,21,2013,Firearm,622,4395295,14.2,KY,42,F
Kentucky,21,2014,Firearm,634,4413457,14.4,KY,42,F
Kentucky,21,2015,Firearm,694,4425092,15.7,KY,42,F
Kentucky,21,2016,Firearm,772,4436974,17.4,KY,42,F
Louisiana,22,1999,Firearm,779,4460811,17.5,LA,43,F
Louisiana,22,2e3,Firearm,790,4468976,17.7,LA,43,F
Louisiana,22,2001,Firearm,781,4477875,17.4,LA,43,F
Louisiana,22,2002,Firearm,876,4497267,19.5,LA,43,F
Louisiana,22,2003,Firearm,847,4521042,18.7,LA,43,F
Louisiana,22,2004,Firearm,902,4552238,19.8,LA,43,F
Louisiana,22,2005,Firearm,858,4576628,18.7,LA,43,F
Louisiana,22,2006,Firearm,831,4302665,19.3,LA,43,F
Louisiana,22,2007,Firearm,869,4375581,19.9,LA,43,F
Louisiana,22,2008,Firearm,822,4435586,18.5,LA,43,F
Louisiana,22,2009,Firearm,810,4491648,18,LA,43,F
Louisiana,22,2010,Firearm,864,4533372,19.1,LA,43,F
Louisiana,22,2011,Firearm,865,4574836,18.9,LA,43,F
Louisiana,22,2012,Firearm,845,4601893,18.4,LA,43,F
Louisiana,22,2013,Firearm,886,4625470,19.2,LA,43,F
Louisiana,22,2014,Firearm,896,4649676,19.3,LA,43,F
Louisiana,22,2015,Firearm,952,4670724,20.4,LA,43,F
Louisiana,22,2016,Firearm,987,4681666,21.1,LA,43,F
Maine,23,1999,Firearm,113,1266808,8.9,ME,35,F
Maine,23,2e3,Firearm,112,1274923,8.8,ME,35,F
Maine,23,2001,Firearm,98,1285692,7.6,ME,35,F
Maine,23,2002,Firearm,88,1295960,6.8,ME,35,F
Maine,23,2003,Firearm,82,1306513,6.3,ME,35,F
Maine,23,2004,Firearm,108,1313688,8.2,ME,35,F
Maine,23,2005,Firearm,109,1318787,8.3,ME,35,F
Maine,23,2006,Firearm,105,1323619,7.9,ME,35,F
Maine,23,2007,Firearm,107,1327040,8.1,ME,35,F
Maine,23,2008,Firearm,122,1330509,9.2,ME,35,F
Maine,23,2009,Firearm,122,1329590,9.2,ME,35,F
Maine,23,2010,Firearm,113,1328361,8.5,ME,35,F
Maine,23,2011,Firearm,136,1328188,10.2,ME,35,F
Maine,23,2012,Firearm,130,1329192,9.8,ME,35,F
Maine,23,2013,Firearm,158,1328302,11.9,ME,35,F
Maine,23,2014,Firearm,133,1330089,10,ME,35,F
Maine,23,2015,Firearm,144,1329328,10.8,ME,35,F
Maine,23,2016,Firearm,123,1331479,9.2,ME,35,F
Maryland,24,1999,Firearm,657,5254509,12.5,MD,6,A
Maryland,24,2e3,Firearm,617,5296486,11.6,MD,6,A
Maryland,24,2001,Firearm,607,5374691,11.3,MD,6,A
Maryland,24,2002,Firearm,615,5440389,11.3,MD,6,A
Maryland,24,2003,Firearm,648,5496269,11.8,MD,6,A
Maryland,24,2004,Firearm,656,5546935,11.8,MD,6,A
Maryland,24,2005,Firearm,657,5592379,11.7,MD,6,A
Maryland,24,2006,Firearm,678,5627367,12,MD,6,A
Maryland,24,2007,Firearm,678,5653408,12,MD,6,A
Maryland,24,2008,Firearm,665,5684965,11.7,MD,6,A
Maryland,24,2009,Firearm,586,5730388,10.2,MD,6,A
Maryland,24,2010,Firearm,538,5773552,9.3,MD,6,A
Maryland,24,2011,Firearm,542,5828289,9.3,MD,6,A
Maryland,24,2012,Firearm,589,5884563,10,MD,6,A
Maryland,24,2013,Firearm,578,5928814,9.7,MD,6,A
Maryland,24,2014,Firearm,546,5976407,9.1,MD,6,A
Maryland,24,2015,Firearm,708,6006401,11.8,MD,6,A
Maryland,24,2016,Firearm,707,6016447,11.8,MD,6,A
Massachusetts,25,1999,Firearm,195,6317345,3.1,MA,4,A
Massachusetts,25,2e3,Firearm,176,6349097,2.8,MA,4,A
Massachusetts,25,2001,Firearm,194,6397634,3,MA,4,A
Massachusetts,25,2002,Firearm,204,6417206,3.2,MA,4,A
Massachusetts,25,2003,Firearm,204,6422565,3.2,MA,4,A
Massachusetts,25,2004,Firearm,206,6412281,3.2,MA,4,A
Massachusetts,25,2005,Firearm,224,6403290,3.5,MA,4,A
Massachusetts,25,2006,Firearm,211,6410084,3.3,MA,4,A
Massachusetts,25,2007,Firearm,235,6431559,3.7,MA,4,A
Massachusetts,25,2008,Firearm,224,6468967,3.5,MA,4,A
Massachusetts,25,2009,Firearm,207,6517613,3.2,MA,4,A
Massachusetts,25,2010,Firearm,270,6547629,4.1,MA,4,A
Massachusetts,25,2011,Firearm,254,6587536,3.9,MA,4,A
Massachusetts,25,2012,Firearm,233,6646144,3.5,MA,4,A
Massachusetts,25,2013,Firearm,213,6692824,3.2,MA,4,A
Massachusetts,25,2014,Firearm,226,6745408,3.4,MA,4,A
Massachusetts,25,2015,Firearm,213,6794422,3.1,MA,4,A
Massachusetts,25,2016,Firearm,242,6811779,3.6,MA,4,A
Michigan,26,1999,Firearm,1085,9897116,11,MI,16,C
Michigan,26,2e3,Firearm,1071,9938444,10.8,MI,16,C
Michigan,26,2001,Firearm,1077,9991120,10.8,MI,16,C
Michigan,26,2002,Firearm,1092,10015710,10.9,MI,16,C
Michigan,26,2003,Firearm,1030,10041152,10.3,MI,16,C
Michigan,26,2004,Firearm,1048,10055315,10.4,MI,16,C
Michigan,26,2005,Firearm,1074,10051137,10.7,MI,16,C
Michigan,26,2006,Firearm,1157,10036081,11.5,MI,16,C
Michigan,26,2007,Firearm,1095,10001284,10.9,MI,16,C
Michigan,26,2008,Firearm,1081,9946889,10.9,MI,16,C
Michigan,26,2009,Firearm,1095,9901591,11.1,MI,16,C
Michigan,26,2010,Firearm,1076,9883640,10.9,MI,16,C
Michigan,26,2011,Firearm,1156,9876187,11.7,MI,16,C
Michigan,26,2012,Firearm,1222,9883360,12.4,MI,16,C
Michigan,26,2013,Firearm,1190,9895622,12,MI,16,C
Michigan,26,2014,Firearm,1095,9909877,11,MI,16,C
Michigan,26,2015,Firearm,1164,9922576,11.7,MI,16,C
Michigan,26,2016,Firearm,1230,9928300,12.4,MI,16,C
Minnesota,27,1999,Firearm,296,4873481,6.1,MN,12,C
Minnesota,27,2e3,Firearm,312,4919479,6.3,MN,12,C
Minnesota,27,2001,Firearm,324,4982796,6.5,MN,12,C
Minnesota,27,2002,Firearm,306,5018935,6.1,MN,12,C
Minnesota,27,2003,Firearm,332,5053572,6.6,MN,12,C
Minnesota,27,2004,Firearm,363,5087713,7.1,MN,12,C
Minnesota,27,2005,Firearm,361,5119598,7.1,MN,12,C
Minnesota,27,2006,Firearm,329,5163555,6.4,MN,12,C
Minnesota,27,2007,Firearm,344,5207203,6.6,MN,12,C
Minnesota,27,2008,Firearm,371,5247018,7.1,MN,12,C
Minnesota,27,2009,Firearm,336,5281203,6.4,MN,12,C
Minnesota,27,2010,Firearm,365,5303925,6.9,MN,12,C
Minnesota,27,2011,Firearm,396,5344861,7.4,MN,12,C
Minnesota,27,2012,Firearm,382,5379139,7.1,MN,12,C
Minnesota,27,2013,Firearm,427,5420380,7.9,MN,12,C
Minnesota,27,2014,Firearm,377,5457173,6.9,MN,12,C
Minnesota,27,2015,Firearm,410,5489594,7.5,MN,12,C
Minnesota,27,2016,Firearm,432,5519952,7.8,MN,12,C
Mississippi,28,1999,Firearm,515,2828408,18.2,MS,50,F
Mississippi,28,2e3,Firearm,471,2844658,16.6,MS,50,F
Mississippi,28,2001,Firearm,502,2852994,17.6,MS,50,F
Mississippi,28,2002,Firearm,492,2858681,17.2,MS,50,F
Mississippi,28,2003,Firearm,477,2868312,16.6,MS,50,F
Mississippi,28,2004,Firearm,471,2889010,16.3,MS,50,F
Mississippi,28,2005,Firearm,455,2905943,15.7,MS,50,F
Mississippi,28,2006,Firearm,475,2904978,16.4,MS,50,F
Mississippi,28,2007,Firearm,535,2928350,18.3,MS,50,F
Mississippi,28,2008,Firearm,568,2947806,19.3,MS,50,F
Mississippi,28,2009,Firearm,487,2958774,16.5,MS,50,F
Mississippi,28,2010,Firearm,475,2967297,16,MS,50,F
Mississippi,28,2011,Firearm,530,2978512,17.8,MS,50,F
Mississippi,28,2012,Firearm,535,2984926,17.9,MS,50,F
Mississippi,28,2013,Firearm,525,2991207,17.6,MS,50,F
Mississippi,28,2014,Firearm,547,2994079,18.3,MS,50,F
Mississippi,28,2015,Firearm,589,2992333,19.7,MS,50,F
Mississippi,28,2016,Firearm,587,2988726,19.6,MS,50,F
Missouri,29,1999,Firearm,711,5561948,12.8,MO,48,F
Missouri,29,2e3,Firearm,742,5595211,13.3,MO,48,F
Missouri,29,2001,Firearm,744,5641142,13.2,MO,48,F
Missouri,29,2002,Firearm,696,5674825,12.3,MO,48,F
Missouri,29,2003,Firearm,657,5709403,11.5,MO,48,F
Missouri,29,2004,Firearm,664,5747741,11.6,MO,48,F
Missouri,29,2005,Firearm,752,5790300,13,MO,48,F
Missouri,29,2006,Firearm,767,5842704,13.1,MO,48,F
Missouri,29,2007,Firearm,759,5887612,12.9,MO,48,F
Missouri,29,2008,Firearm,818,5923916,13.8,MO,48,F
Missouri,29,2009,Firearm,822,5961088,13.8,MO,48,F
Missouri,29,2010,Firearm,846,5988927,14.1,MO,48,F
Missouri,29,2011,Firearm,854,6010688,14.2,MO,48,F
Missouri,29,2012,Firearm,882,6021988,14.6,MO,48,F
Missouri,29,2013,Firearm,880,6044171,14.6,MO,48,F
Missouri,29,2014,Firearm,943,6063589,15.6,MO,48,F
Missouri,29,2015,Firearm,1094,6083672,18,MO,48,F
Missouri,29,2016,Firearm,1144,6093e3,18.8,MO,48,F
Montana,30,1999,Firearm,123,897507,13.7,MT,37,F
Montana,30,2e3,Firearm,134,902195,14.9,MT,37,F
Montana,30,2001,Firearm,160,906961,17.6,MT,37,F
Montana,30,2002,Firearm,134,911667,14.7,MT,37,F
Montana,30,2003,Firearm,145,919630,15.8,MT,37,F
Montana,30,2004,Firearm,125,930009,13.4,MT,37,F
Montana,30,2005,Firearm,161,940102,17.1,MT,37,F
Montana,30,2006,Firearm,120,952692,12.6,MT,37,F
Montana,30,2007,Firearm,139,964706,14.4,MT,37,F
Montana,30,2008,Firearm,155,976415,15.9,MT,37,F
Montana,30,2009,Firearm,166,983982,16.9,MT,37,F
Montana,30,2010,Firearm,164,989415,16.6,MT,37,F
Montana,30,2011,Firearm,167,998199,16.7,MT,37,F
Montana,30,2012,Firearm,171,1005141,17,MT,37,F
Montana,30,2013,Firearm,172,1015165,16.9,MT,37,F
Montana,30,2014,Firearm,172,1023579,16.8,MT,37,F
Montana,30,2015,Firearm,205,1032949,19.8,MT,37,F
Montana,30,2016,Firearm,194,1042520,18.6,MT,37,F
Nebraska,31,1999,Firearm,146,1704764,8.6,NE,19,D
Nebraska,31,2e3,Firearm,168,1711263,9.8,NE,19,D
Nebraska,31,2001,Firearm,140,1719836,8.1,NE,19,D
Nebraska,31,2002,Firearm,140,1728292,8.1,NE,19,D
Nebraska,31,2003,Firearm,134,1738643,7.7,NE,19,D
Nebraska,31,2004,Firearm,119,1749370,6.8,NE,19,D
Nebraska,31,2005,Firearm,135,1761497,7.7,NE,19,D
Nebraska,31,2006,Firearm,141,1772693,8,NE,19,D
Nebraska,31,2007,Firearm,142,1783440,8,NE,19,D
Nebraska,31,2008,Firearm,150,1796378,8.4,NE,19,D
Nebraska,31,2009,Firearm,132,1812683,7.3,NE,19,D
Nebraska,31,2010,Firearm,152,1826341,8.3,NE,19,D
Nebraska,31,2011,Firearm,161,1842641,8.7,NE,19,D
Nebraska,31,2012,Firearm,167,1855525,9,NE,19,D
Nebraska,31,2013,Firearm,168,1868516,9,NE,19,D
Nebraska,31,2014,Firearm,179,1881503,9.5,NE,19,D
Nebraska,31,2015,Firearm,169,1896190,8.9,NE,19,D
Nebraska,31,2016,Firearm,171,1907116,9,NE,19,D
Nevada,32,1999,Firearm,375,1934718,19.4,NV,22,D
Nevada,32,2e3,Firearm,341,1998257,17.1,NV,22,D
Nevada,32,2001,Firearm,345,2098399,16.4,NV,22,D
Nevada,32,2002,Firearm,370,2173791,17,NV,22,D
Nevada,32,2003,Firearm,374,2248850,16.6,NV,22,D
Nevada,32,2004,Firearm,392,2346222,16.7,NV,22,D
Nevada,32,2005,Firearm,390,2432143,16,NV,22,D
Nevada,32,2006,Firearm,405,2522658,16.1,NV,22,D
Nevada,32,2007,Firearm,414,2601072,15.9,NV,22,D
Nevada,32,2008,Firearm,404,2653630,15.2,NV,22,D
Nevada,32,2009,Firearm,406,2684665,15.1,NV,22,D
Nevada,32,2010,Firearm,395,2700551,14.6,NV,22,D
Nevada,32,2011,Firearm,376,2723322,13.8,NV,22,D
Nevada,32,2012,Firearm,360,2758931,13,NV,22,D
Nevada,32,2013,Firearm,395,2790136,14.2,NV,22,D
Nevada,32,2014,Firearm,429,2839099,15.1,NV,22,D
Nevada,32,2015,Firearm,446,2890845,15.4,NV,22,D
Nevada,32,2016,Firearm,498,2940058,16.9,NV,22,D
New Hampshire,33,1999,Firearm,71,1222014,5.8,NH,31,F
New Hampshire,33,2e3,Firearm,79,1235786,6.4,NH,31,F
New Hampshire,33,2001,Firearm,91,1255517,7.2,NH,31,F
New Hampshire,33,2002,Firearm,76,1269089,6,NH,31,F
New Hampshire,33,2003,Firearm,89,1279840,7,NH,31,F
New Hampshire,33,2004,Firearm,69,1290121,5.3,NH,31,F
New Hampshire,33,2005,Firearm,88,1298492,6.8,NH,31,F
New Hampshire,33,2006,Firearm,82,1308389,6.3,NH,31,F
New Hampshire,33,2007,Firearm,78,1312540,5.9,NH,31,F
New Hampshire,33,2008,Firearm,93,1315906,7.1,NH,31,F
New Hampshire,33,2009,Firearm,89,1316102,6.8,NH,31,F
New Hampshire,33,2010,Firearm,118,1316470,9,NH,31,F
New Hampshire,33,2011,Firearm,92,1318194,7,NH,31,F
New Hampshire,33,2012,Firearm,117,1320718,8.9,NH,31,F
New Hampshire,33,2013,Firearm,93,1323459,7,NH,31,F
New Hampshire,33,2014,Firearm,122,1326813,9.2,NH,31,F
New Hampshire,33,2015,Firearm,121,1330608,9.1,NH,31,F
New Hampshire,33,2016,Firearm,132,1334795,9.9,NH,31,F
New Jersey,34,1999,Firearm,366,8359592,4.4,NJ,2,A
New Jersey,34,2e3,Firearm,341,8414350,4.1,NJ,2,A
New Jersey,34,2001,Firearm,370,8492671,4.4,NJ,2,A
New Jersey,34,2002,Firearm,415,8552643,4.9,NJ,2,A
New Jersey,34,2003,Firearm,458,8601402,5.3,NJ,2,A
New Jersey,34,2004,Firearm,454,8634561,5.3,NJ,2,A
New Jersey,34,2005,Firearm,434,8651974,5,NJ,2,A
New Jersey,34,2006,Firearm,492,8661679,5.7,NJ,2,A
New Jersey,34,2007,Firearm,446,8677885,5.1,NJ,2,A
New Jersey,34,2008,Firearm,429,8711090,4.9,NJ,2,A
New Jersey,34,2009,Firearm,411,8755602,4.7,NJ,2,A
New Jersey,34,2010,Firearm,456,8791894,5.2,NJ,2,A
New Jersey,34,2011,Firearm,482,8821155,5.5,NJ,2,A
New Jersey,34,2012,Firearm,444,8864590,5,NJ,2,A
New Jersey,34,2013,Firearm,506,8899339,5.7,NJ,2,A
New Jersey,34,2014,Firearm,468,8938175,5.2,NJ,2,A
New Jersey,34,2015,Firearm,475,8958013,5.3,NJ,2,A
New Jersey,34,2016,Firearm,485,8944469,5.4,NJ,2,A
New Mexico,35,1999,Firearm,290,1808082,16,NM,29,F
New Mexico,35,2e3,Firearm,291,1819046,16,NM,29,F
New Mexico,35,2001,Firearm,274,1831690,15,NM,29,F
New Mexico,35,2002,Firearm,304,1855309,16.4,NM,29,F
New Mexico,35,2003,Firearm,326,1877574,17.4,NM,29,F
New Mexico,35,2004,Firearm,289,1903808,15.2,NM,29,F
New Mexico,35,2005,Firearm,267,1932274,13.8,NM,29,F
New Mexico,35,2006,Firearm,283,1962137,14.4,NM,29,F
New Mexico,35,2007,Firearm,295,1990070,14.8,NM,29,F
New Mexico,35,2008,Firearm,294,2010662,14.6,NM,29,F
New Mexico,35,2009,Firearm,299,2036802,14.7,NM,29,F
New Mexico,35,2010,Firearm,301,2059179,14.6,NM,29,F
New Mexico,35,2011,Firearm,306,2082224,14.7,NM,29,F
New Mexico,35,2012,Firearm,323,2085538,15.5,NM,29,F
New Mexico,35,2013,Firearm,326,2085287,15.6,NM,29,F
New Mexico,35,2014,Firearm,340,2085572,16.3,NM,29,F
New Mexico,35,2015,Firearm,390,2085109,18.7,NM,29,F
New Mexico,35,2016,Firearm,383,2081015,18.4,NM,29,F
New York,36,1999,Firearm,1016,18882725,5.4,NY,5,A
New York,36,2e3,Firearm,1093,18976457,5.8,NY,5,A
New York,36,2001,Firearm,1068,19082838,5.6,NY,5,A
New York,36,2002,Firearm,994,19137800,5.2,NY,5,A
New York,36,2003,Firearm,1034,19175939,5.4,NY,5,A
New York,36,2004,Firearm,951,19171567,5,NY,5,A
New York,36,2005,Firearm,1019,19132610,5.3,NY,5,A
New York,36,2006,Firearm,1002,19104631,5.2,NY,5,A
New York,36,2007,Firearm,985,19132335,5.1,NY,5,A
New York,36,2008,Firearm,963,19212436,5,NY,5,A
New York,36,2009,Firearm,958,19307066,5,NY,5,A
New York,36,2010,Firearm,1011,19378102,5.2,NY,5,A
New York,36,2011,Firearm,997,19465197,5.1,NY,5,A
New York,36,2012,Firearm,977,19570261,5,NY,5,A
New York,36,2013,Firearm,863,19651127,4.4,NY,5,A
New York,36,2014,Firearm,875,19746227,4.4,NY,5,A
New York,36,2015,Firearm,849,19795791,4.3,NY,5,A
New York,36,2016,Firearm,900,19745289,4.6,NY,5,A
North Carolina,37,1999,Firearm,1057,7949361,13.3,NC,25,D
North Carolina,37,2e3,Firearm,1113,8049313,13.8,NC,25,D
North Carolina,37,2001,Firearm,1093,8210122,13.3,NC,25,D
North Carolina,37,2002,Firearm,1136,8326201,13.6,NC,25,D
North Carolina,37,2003,Firearm,1055,8422501,12.5,NC,25,D
North Carolina,37,2004,Firearm,1055,8553152,12.3,NC,25,D
North Carolina,37,2005,Firearm,1119,8705407,12.9,NC,25,D
North Carolina,37,2006,Firearm,1133,8917270,12.7,NC,25,D
North Carolina,37,2007,Firearm,1116,9118037,12.2,NC,25,D
North Carolina,37,2008,Firearm,1160,9309449,12.5,NC,25,D
North Carolina,37,2009,Firearm,1112,9449566,11.8,NC,25,D
North Carolina,37,2010,Firearm,1123,9535483,11.8,NC,25,D
North Carolina,37,2011,Firearm,1154,9656401,12,NC,25,D
North Carolina,37,2012,Firearm,1175,9752073,12,NC,25,D
North Carolina,37,2013,Firearm,1223,9848060,12.4,NC,25,D
North Carolina,37,2014,Firearm,1206,9943964,12.1,NC,25,D
North Carolina,37,2015,Firearm,1289,10042802,12.8,NC,25,D
North Carolina,37,2016,Firearm,1409,10146788,13.9,NC,25,D
North Dakota,38,1999,Firearm,49,644259,7.6,ND,37,F
North Dakota,38,2e3,Firearm,43,642200,6.7,ND,37,F
North Dakota,38,2001,Firearm,47,639062,7.4,ND,37,F
North Dakota,38,2002,Firearm,58,638168,9.1,ND,37,F
North Dakota,38,2003,Firearm,58,638817,9.1,ND,37,F
North Dakota,38,2004,Firearm,50,644705,7.8,ND,37,F
North Dakota,38,2005,Firearm,61,646089,9.4,ND,37,F
North Dakota,38,2006,Firearm,46,649422,7.1,ND,37,F
North Dakota,38,2007,Firearm,57,652822,8.7,ND,37,F
North Dakota,38,2008,Firearm,59,657569,9,ND,37,F
North Dakota,38,2009,Firearm,59,664968,8.9,ND,37,F
North Dakota,38,2010,Firearm,65,672591,9.7,ND,37,F
North Dakota,38,2011,Firearm,61,683932,8.9,ND,37,F
North Dakota,38,2012,Firearm,73,699628,10.4,ND,37,F
North Dakota,38,2013,Firearm,86,723393,11.9,ND,37,F
North Dakota,38,2014,Firearm,96,739482,13,ND,37,F
North Dakota,38,2015,Firearm,92,756927,12.2,ND,37,F
North Dakota,38,2016,Firearm,90,757952,11.9,ND,37,F
Ohio,39,1999,Firearm,939,11335454,8.3,OH,21,D
Ohio,39,2e3,Firearm,890,11353140,7.8,OH,21,D
Ohio,39,2001,Firearm,1029,11387404,9,OH,21,D
Ohio,39,2002,Firearm,1069,11407889,9.4,OH,21,D
Ohio,39,2003,Firearm,934,11434788,8.2,OH,21,D
Ohio,39,2004,Firearm,1036,11452251,9,OH,21,D
Ohio,39,2005,Firearm,1116,11463320,9.7,OH,21,D
Ohio,39,2006,Firearm,1114,11481213,9.7,OH,21,D
Ohio,39,2007,Firearm,1105,11500468,9.6,OH,21,D
Ohio,39,2008,Firearm,1115,11515391,9.7,OH,21,D
Ohio,39,2009,Firearm,991,11528896,8.6,OH,21,D
Ohio,39,2010,Firearm,1148,11536504,10,OH,21,D
Ohio,39,2011,Firearm,1227,11544951,10.6,OH,21,D
Ohio,39,2012,Firearm,1263,11544225,10.9,OH,21,D
Ohio,39,2013,Firearm,1289,11570808,11.1,OH,21,D
Ohio,39,2014,Firearm,1211,11594163,10.4,OH,21,D
Ohio,39,2015,Firearm,1397,11613423,12,OH,21,D
Ohio,39,2016,Firearm,1524,11614373,13.1,OH,21,D
Oklahoma,40,1999,Firearm,509,3437147,14.8,OK,27,F
Oklahoma,40,2e3,Firearm,454,3450654,13.2,OK,27,F
Oklahoma,40,2001,Firearm,489,3467100,14.1,OK,27,F
Oklahoma,40,2002,Firearm,452,3489080,13,OK,27,F
Oklahoma,40,2003,Firearm,449,3504892,12.8,OK,27,F
Oklahoma,40,2004,Firearm,457,3525233,13,OK,27,F
Oklahoma,40,2005,Firearm,468,3548597,13.2,OK,27,F
Oklahoma,40,2006,Firearm,482,3594090,13.4,OK,27,F
Oklahoma,40,2007,Firearm,482,3634349,13.3,OK,27,F
Oklahoma,40,2008,Firearm,513,3668976,14,OK,27,F
Oklahoma,40,2009,Firearm,533,3717572,14.3,OK,27,F
Oklahoma,40,2010,Firearm,538,3751351,14.3,OK,27,F
Oklahoma,40,2011,Firearm,628,3791508,16.6,OK,27,F
Oklahoma,40,2012,Firearm,619,3814820,16.2,OK,27,F
Oklahoma,40,2013,Firearm,632,3850568,16.4,OK,27,F
Oklahoma,40,2014,Firearm,611,3878051,15.8,OK,27,F
Oklahoma,40,2015,Firearm,706,3911338,18.1,OK,27,F
Oklahoma,40,2016,Firearm,766,3923561,19.5,OK,27,F
Oregon,41,1999,Firearm,389,3393941,11.5,OR,14,C
Oregon,41,2e3,Firearm,378,3421399,11,OR,14,C
Oregon,41,2001,Firearm,358,3467937,10.3,OR,14,C
Oregon,41,2002,Firearm,374,3513424,10.6,OR,14,C
Oregon,41,2003,Firearm,395,3547376,11.1,OR,14,C
Oregon,41,2004,Firearm,385,3569463,10.8,OR,14,C
Oregon,41,2005,Firearm,402,3613202,11.1,OR,14,C
Oregon,41,2006,Firearm,384,3670883,10.5,OR,14,C
Oregon,41,2007,Firearm,387,3722417,10.4,OR,14,C
Oregon,41,2008,Firearm,385,3768748,10.2,OR,14,C
Oregon,41,2009,Firearm,417,3808600,10.9,OR,14,C
Oregon,41,2010,Firearm,458,3831074,12,OR,14,C
Oregon,41,2011,Firearm,420,3871859,10.8,OR,14,C
Oregon,41,2012,Firearm,443,3899353,11.4,OR,14,C
Oregon,41,2013,Firearm,462,3930065,11.8,OR,14,C
Oregon,41,2014,Firearm,497,3970239,12.5,OR,14,C
Oregon,41,2015,Firearm,486,4028977,12.1,OR,14,C
Oregon,41,2016,Firearm,513,4093465,12.5,OR,14,C
Pennsylvania,42,1999,Firearm,1190,12263805,9.7,PA,13,C
Pennsylvania,42,2e3,Firearm,1256,12281054,10.2,PA,13,C
Pennsylvania,42,2001,Firearm,1172,12298970,9.5,PA,13,C
Pennsylvania,42,2002,Firearm,1220,12331031,9.9,PA,13,C
Pennsylvania,42,2003,Firearm,1230,12374658,9.9,PA,13,C
Pennsylvania,42,2004,Firearm,1270,12410722,10.2,PA,13,C
Pennsylvania,42,2005,Firearm,1352,12449990,10.9,PA,13,C
Pennsylvania,42,2006,Firearm,1371,12510809,11,PA,13,C
Pennsylvania,42,2007,Firearm,1325,12563937,10.5,PA,13,C
Pennsylvania,42,2008,Firearm,1345,12612285,10.7,PA,13,C
Pennsylvania,42,2009,Firearm,1349,12666858,10.6,PA,13,C
Pennsylvania,42,2010,Firearm,1307,12702379,10.3,PA,13,C
Pennsylvania,42,2011,Firearm,1438,12742886,11.3,PA,13,C
Pennsylvania,42,2012,Firearm,1453,12763536,11.4,PA,13,C
Pennsylvania,42,2013,Firearm,1451,12773801,11.4,PA,13,C
Pennsylvania,42,2014,Firearm,1390,12787209,10.9,PA,13,C
Pennsylvania,42,2015,Firearm,1485,12802503,11.6,PA,13,C
Pennsylvania,42,2016,Firearm,1555,12784227,12.2,PA,13,C
Rhode Island,44,1999,Firearm,56,1040402,5.4,RI,9,B
Rhode Island,44,2e3,Firearm,54,1048319,5.2,RI,9,B
Rhode Island,44,2001,Firearm,46,1057142,4.4,RI,9,B
Rhode Island,44,2002,Firearm,55,1065995,5.2,RI,9,B
Rhode Island,44,2003,Firearm,35,1071342,3.3,RI,9,B
Rhode Island,44,2004,Firearm,41,1074579,3.8,RI,9,B
Rhode Island,44,2005,Firearm,39,1067916,3.7,RI,9,B
Rhode Island,44,2006,Firearm,47,1063096,4.4,RI,9,B
Rhode Island,44,2007,Firearm,37,1057315,3.5,RI,9,B
Rhode Island,44,2008,Firearm,44,1055003,4.2,RI,9,B
Rhode Island,44,2009,Firearm,56,1053646,5.3,RI,9,B
Rhode Island,44,2010,Firearm,49,1052567,4.7,RI,9,B
Rhode Island,44,2011,Firearm,33,1051302,3.1,RI,9,B
Rhode Island,44,2012,Firearm,42,1050292,4,RI,9,B
Rhode Island,44,2013,Firearm,56,1051511,5.3,RI,9,B
Rhode Island,44,2014,Firearm,34,1055173,3.2,RI,9,B
Rhode Island,44,2015,Firearm,51,1056298,4.8,RI,9,B
Rhode Island,44,2016,Firearm,49,1056426,4.6,RI,9,B
South Carolina,45,1999,Firearm,552,3974682,13.9,SC,29,F
South Carolina,45,2e3,Firearm,499,4012012,12.4,SC,29,F
South Carolina,45,2001,Firearm,564,4064995,13.9,SC,29,F
South Carolina,45,2002,Firearm,566,4107795,13.8,SC,29,F
South Carolina,45,2003,Firearm,593,4150297,14.3,SC,29,F
South Carolina,45,2004,Firearm,574,4210921,13.6,SC,29,F
South Carolina,45,2005,Firearm,589,4270150,13.8,SC,29,F
South Carolina,45,2006,Firearm,616,4357847,14.1,SC,29,F
South Carolina,45,2007,Firearm,592,4444110,13.3,SC,29,F
South Carolina,45,2008,Firearm,615,4528996,13.6,SC,29,F
South Carolina,45,2009,Firearm,634,4589872,13.8,SC,29,F
South Carolina,45,2010,Firearm,648,4625364,14,SC,29,F
South Carolina,45,2011,Firearm,705,4679230,15.1,SC,29,F
South Carolina,45,2012,Firearm,743,4723723,15.7,SC,29,F
South Carolina,45,2013,Firearm,745,4774839,15.6,SC,29,F
South Carolina,45,2014,Firearm,767,4832482,15.9,SC,29,F
South Carolina,45,2015,Firearm,850,4896146,17.4,SC,29,F
South Carolina,45,2016,Firearm,891,4961119,18,SC,29,F
South Dakota,46,1999,Firearm,73,750412,9.7,SD,40,F
South Dakota,46,2e3,Firearm,56,754844,7.4,SD,40,F
South Dakota,46,2001,Firearm,54,757972,7.1,SD,40,F
South Dakota,46,2002,Firearm,61,760020,8,SD,40,F
South Dakota,46,2003,Firearm,76,763729,10,SD,40,F
South Dakota,46,2004,Firearm,77,770396,10,SD,40,F
South Dakota,46,2005,Firearm,82,775493,10.6,SD,40,F
South Dakota,46,2006,Firearm,77,783033,9.8,SD,40,F
South Dakota,46,2007,Firearm,52,791623,6.6,SD,40,F
South Dakota,46,2008,Firearm,83,799124,10.4,SD,40,F
South Dakota,46,2009,Firearm,75,807067,9.3,SD,40,F
South Dakota,46,2010,Firearm,75,814180,9.2,SD,40,F
South Dakota,46,2011,Firearm,71,824082,8.6,SD,40,F
South Dakota,46,2012,Firearm,84,833354,10.1,SD,40,F
South Dakota,46,2013,Firearm,80,844877,9.5,SD,40,F
South Dakota,46,2014,Firearm,89,853175,10.4,SD,40,F
South Dakota,46,2015,Firearm,96,858469,11.2,SD,40,F
South Dakota,46,2016,Firearm,108,865454,12.5,SD,40,F
Tennessee,47,1999,Firearm,848,5638706,15,TN,24,D
Tennessee,47,2e3,Firearm,898,5689283,15.8,TN,24,D
Tennessee,47,2001,Firearm,845,5750789,14.7,TN,24,D
Tennessee,47,2002,Firearm,905,5795918,15.6,TN,24,D
Tennessee,47,2003,Firearm,837,5847812,14.3,TN,24,D
Tennessee,47,2004,Firearm,869,5910809,14.7,TN,24,D
Tennessee,47,2005,Firearm,976,5991057,16.3,TN,24,D
Tennessee,47,2006,Firearm,943,6088766,15.5,TN,24,D
Tennessee,47,2007,Firearm,924,6175727,15,TN,24,D
Tennessee,47,2008,Firearm,985,6247411,15.8,TN,24,D
Tennessee,47,2009,Firearm,966,6306019,15.3,TN,24,D
Tennessee,47,2010,Firearm,932,6346105,14.7,TN,24,D
Tennessee,47,2011,Firearm,948,6403353,14.8,TN,24,D
Tennessee,47,2012,Firearm,995,6456243,15.4,TN,24,D
Tennessee,47,2013,Firearm,1030,6495978,15.9,TN,24,D
Tennessee,47,2014,Firearm,1016,6549352,15.5,TN,24,D
Tennessee,47,2015,Firearm,1075,6600299,16.3,TN,24,D
Tennessee,47,2016,Firearm,1148,6651194,17.3,TN,24,D
Texas,48,1999,Firearm,2117,20558220,10.3,TX,32,F
Texas,48,2e3,Firearm,2168,20851820,10.4,TX,32,F
Texas,48,2001,Firearm,2350,21319622,11,TX,32,F
Texas,48,2002,Firearm,2301,21690325,10.6,TX,32,F
Texas,48,2003,Firearm,2432,22030931,11,TX,32,F
Texas,48,2004,Firearm,2342,22394023,10.5,TX,32,F
Texas,48,2005,Firearm,2490,22778123,10.9,TX,32,F
Texas,48,2006,Firearm,2422,23359580,10.4,TX,32,F
Texas,48,2007,Firearm,2561,23831983,10.7,TX,32,F
Texas,48,2008,Firearm,2598,24309039,10.7,TX,32,F
Texas,48,2009,Firearm,2691,24801761,10.9,TX,32,F
Texas,48,2010,Firearm,2714,25145561,10.8,TX,32,F
Texas,48,2011,Firearm,2599,25674681,10.1,TX,32,F
Texas,48,2012,Firearm,2743,26059203,10.5,TX,32,F
Texas,48,2013,Firearm,2778,26448193,10.5,TX,32,F
Texas,48,2014,Firearm,2848,26956958,10.6,TX,32,F
Texas,48,2015,Firearm,3203,27469114,11.7,TX,32,F
Texas,48,2016,Firearm,3353,27862596,12,TX,32,F
Utah,49,1999,Firearm,192,2203482,8.7,UT,27,F
Utah,49,2e3,Firearm,193,2233169,8.6,UT,27,F
Utah,49,2001,Firearm,229,2283715,10,UT,27,F
Utah,49,2002,Firearm,207,2324815,8.9,UT,27,F
Utah,49,2003,Firearm,230,2360137,9.7,UT,27,F
Utah,49,2004,Firearm,225,2401580,9.4,UT,27,F
Utah,49,2005,Firearm,227,2457719,9.2,UT,27,F
Utah,49,2006,Firearm,224,2525507,8.9,UT,27,F
Utah,49,2007,Firearm,253,2597746,9.7,UT,27,F
Utah,49,2008,Firearm,238,2663029,8.9,UT,27,F
Utah,49,2009,Firearm,260,2723421,9.5,UT,27,F
Utah,49,2010,Firearm,314,2763885,11.4,UT,27,F
Utah,49,2011,Firearm,308,2817222,10.9,UT,27,F
Utah,49,2012,Firearm,324,2855287,11.3,UT,27,F
Utah,49,2013,Firearm,339,2900872,11.7,UT,27,F
Utah,49,2014,Firearm,337,2942902,11.5,UT,27,F
Utah,49,2015,Firearm,367,2995919,12.2,UT,27,F
Utah,49,2016,Firearm,370,3051217,12.1,UT,27,F
Vermont,50,1999,Firearm,57,604683,9.4,VT,41,F
Vermont,50,2e3,Firearm,55,608827,9,VT,41,F
Vermont,50,2001,Firearm,51,612223,8.3,VT,41,F
Vermont,50,2002,Firearm,62,615442,10.1,VT,41,F
Vermont,50,2003,Firearm,48,617858,7.8,VT,41,F
Vermont,50,2004,Firearm,61,619920,9.8,VT,41,F
Vermont,50,2005,Firearm,44,621215,7.1,VT,41,F
Vermont,50,2006,Firearm,54,622892,8.7,VT,41,F
Vermont,50,2007,Firearm,52,623481,8.3,VT,41,F
Vermont,50,2008,Firearm,54,624151,8.7,VT,41,F
Vermont,50,2009,Firearm,60,624817,9.6,VT,41,F
Vermont,50,2010,Firearm,70,625741,11.2,VT,41,F
Vermont,50,2011,Firearm,78,626431,12.5,VT,41,F
Vermont,50,2012,Firearm,56,626011,8.9,VT,41,F
Vermont,50,2013,Firearm,65,626630,10.4,VT,41,F
Vermont,50,2014,Firearm,69,626562,11,VT,41,F
Vermont,50,2015,Firearm,70,626042,11.2,VT,41,F
Vermont,50,2016,Firearm,78,624594,12.5,VT,41,F
Virginia,51,1999,Firearm,823,7000174,11.8,VA,20,D
Virginia,51,2e3,Firearm,794,7078515,11.2,VA,20,D
Virginia,51,2001,Firearm,771,7198362,10.7,VA,20,D
Virginia,51,2002,Firearm,806,7286873,11.1,VA,20,D
Virginia,51,2003,Firearm,811,7366977,11,VA,20,D
Virginia,51,2004,Firearm,817,7475575,10.9,VA,20,D
Virginia,51,2005,Firearm,888,7577105,11.7,VA,20,D
Virginia,51,2006,Firearm,816,7673725,10.6,VA,20,D
Virginia,51,2007,Firearm,825,7751e3,10.6,VA,20,D
Virginia,51,2008,Firearm,817,7833496,10.4,VA,20,D
Virginia,51,2009,Firearm,836,7925937,10.5,VA,20,D
Virginia,51,2010,Firearm,875,8001024,10.9,VA,20,D
Virginia,51,2011,Firearm,868,8096604,10.7,VA,20,D
Virginia,51,2012,Firearm,840,8185867,10.3,VA,20,D
Virginia,51,2013,Firearm,864,8260405,10.5,VA,20,D
Virginia,51,2014,Firearm,889,8326289,10.7,VA,20,D
Virginia,51,2015,Firearm,946,8382993,11.3,VA,20,D
Virginia,51,2016,Firearm,1049,8411808,12.5,VA,20,D
Washington,53,1999,Firearm,585,5842564,10,WA,10,B
Washington,53,2e3,Firearm,523,5894121,8.9,WA,10,B
Washington,53,2001,Firearm,510,5985722,8.5,WA,10,B
Washington,53,2002,Firearm,568,6052349,9.4,WA,10,B
Washington,53,2003,Firearm,565,6104115,9.3,WA,10,B
Washington,53,2004,Firearm,569,6178645,9.2,WA,10,B
Washington,53,2005,Firearm,567,6257305,9.1,WA,10,B
Washington,53,2006,Firearm,546,6370753,8.6,WA,10,B
Washington,53,2007,Firearm,548,6461587,8.5,WA,10,B
Washington,53,2008,Firearm,587,6562231,8.9,WA,10,B
Washington,53,2009,Firearm,623,6667426,9.3,WA,10,B
Washington,53,2010,Firearm,609,6724540,9.1,WA,10,B
Washington,53,2011,Firearm,624,6830038,9.1,WA,10,B
Washington,53,2012,Firearm,681,6897012,9.9,WA,10,B
Washington,53,2013,Firearm,632,6971406,9.1,WA,10,B
Washington,53,2014,Firearm,702,7061530,9.9,WA,10,B
Washington,53,2015,Firearm,718,7170351,10,WA,10,B
Washington,53,2016,Firearm,686,7288e3,9.4,WA,10,B
West Virginia,54,1999,Firearm,250,1811799,13.8,WV,32,F
West Virginia,54,2e3,Firearm,242,1808344,13.4,WV,32,F
West Virginia,54,2001,Firearm,251,1801481,13.9,WV,32,F
West Virginia,54,2002,Firearm,271,1805414,15,WV,32,F
West Virginia,54,2003,Firearm,265,1812295,14.6,WV,32,F
West Virginia,54,2004,Firearm,253,1816438,13.9,WV,32,F
West Virginia,54,2005,Firearm,261,1820492,14.3,WV,32,F
West Virginia,54,2006,Firearm,253,1827912,13.8,WV,32,F
West Virginia,54,2007,Firearm,267,1834052,14.6,WV,32,F
West Virginia,54,2008,Firearm,239,1840310,13,WV,32,F
West Virginia,54,2009,Firearm,251,1847775,13.6,WV,32,F
West Virginia,54,2010,Firearm,273,1852994,14.7,WV,32,F
West Virginia,54,2011,Firearm,278,1855364,15,WV,32,F
West Virginia,54,2012,Firearm,278,1855413,15,WV,32,F
West Virginia,54,2013,Firearm,280,1854304,15.1,WV,32,F
West Virginia,54,2014,Firearm,286,1850326,15.5,WV,32,F
West Virginia,54,2015,Firearm,278,1844128,15.1,WV,32,F
West Virginia,54,2016,Firearm,332,1831102,18.1,WV,32,F
Wisconsin,55,1999,Firearm,448,5332666,8.4,WI,17,C
Wisconsin,55,2e3,Firearm,432,5363675,8.1,WI,17,C
Wisconsin,55,2001,Firearm,475,5406835,8.8,WI,17,C
Wisconsin,55,2002,Firearm,446,5445162,8.2,WI,17,C
Wisconsin,55,2003,Firearm,468,5479203,8.5,WI,17,C
Wisconsin,55,2004,Firearm,413,5514026,7.5,WI,17,C
Wisconsin,55,2005,Firearm,474,5546166,8.5,WI,17,C
Wisconsin,55,2006,Firearm,424,5577655,7.6,WI,17,C
Wisconsin,55,2007,Firearm,488,5610775,8.7,WI,17,C
Wisconsin,55,2008,Firearm,443,5640996,7.9,WI,17,C
Wisconsin,55,2009,Firearm,457,5669264,8.1,WI,17,C
Wisconsin,55,2010,Firearm,501,5686986,8.8,WI,17,C
Wisconsin,55,2011,Firearm,445,5711767,7.8,WI,17,C
Wisconsin,55,2012,Firearm,483,5726398,8.4,WI,17,C
Wisconsin,55,2013,Firearm,570,5742713,9.9,WI,17,C
Wisconsin,55,2014,Firearm,487,5757564,8.5,WI,17,C
Wisconsin,55,2015,Firearm,613,5771337,10.6,WI,17,C
Wisconsin,55,2016,Firearm,664,5778708,11.5,WI,17,C
Wyoming,56,1999,Firearm,74,491780,15,WY,45,F
Wyoming,56,2e3,Firearm,58,493782,11.7,WY,45,F
Wyoming,56,2001,Firearm,70,494657,14.2,WY,45,F
Wyoming,56,2002,Firearm,95,500017,19,WY,45,F
Wyoming,56,2003,Firearm,89,503453,17.7,WY,45,F
Wyoming,56,2004,Firearm,56,509106,11,WY,45,F
Wyoming,56,2005,Firearm,71,514157,13.8,WY,45,F
Wyoming,56,2006,Firearm,80,522667,15.3,WY,45,F
Wyoming,56,2007,Firearm,76,534876,14.2,WY,45,F
Wyoming,56,2008,Firearm,93,546043,17,WY,45,F
Wyoming,56,2009,Firearm,96,559851,17.1,WY,45,F
Wyoming,56,2010,Firearm,92,563626,16.3,WY,45,F
Wyoming,56,2011,Firearm,96,568158,16.9,WY,45,F
Wyoming,56,2012,Firearm,117,576412,20.3,WY,45,F
Wyoming,56,2013,Firearm,102,582658,17.5,WY,45,F
Wyoming,56,2014,Firearm,93,584153,15.9,WY,45,F
Wyoming,56,2015,Firearm,113,586107,19.3,WY,45,F
Wyoming,56,2016,Firearm,101,585501,17.3,WY,45,F
